PCON11CD,Constituency name,Estimated Leave vote share,Known Leave vote share,How do we know?,Figure to use,,
E14000530,Aldershot,0.5809744788,0.5789776574,Rosenbaum / Greenwood data,0.5789776574,,Sources:
E14000531,Aldridge-Brownhills,0.6872275478,0.6779634958,Rosenbaum / Greenwood data,0.6779634958,,"(1) “Areal interpolation and the UK’s referendum on EU membership”, Chris Hanretty, Journal Of Elections, Public Opinion And Parties, Online Early Access, http://dx.doi.org/10.1080/17457289.2017.1287081
"
E14000532,Altrincham and Sale West,0.3858779999,,,0.3858779999,,"(2) ""Local voting figures shed new light on EU referendum"", Martin Rosenbaum, http://www.bbc.co.uk/news/uk-politics-38762034"
E14000533,Amber Valley,0.6529912472,,,0.6529912472,,
E14000534,Arundel and South Downs,0.4970110581,,,0.4970110581,,
E14000535,Ashfield,0.7047288884,,,0.7047288884,,
E14000536,Ashford,0.5986194744,,,0.5986194744,,
E14000537,Ashton-under-Lyne,0.6340568382,0.6180980255,Rosenbaum / Greenwood data,0.6180980255,,
E14000538,Aylesbury,0.5178790984,,,0.5178790984,,
E14000539,Banbury,0.5034779774,,,0.5034779774,,
E14000540,Barking,0.5997487956,,,0.5997487956,,
E14000541,Barnsley Central,0.6818813044,,,0.6818813044,,
E14000542,Barnsley East,0.7098499348,,,0.7098499348,,
E14000543,Barrow and Furness,0.5727870645,,,0.5727870645,,
E14000544,Basildon and Billericay,0.6713587731,,,0.6713587731,,
E14000545,Basingstoke,0.5359878197,,,0.5359878197,,
E14000546,Bassetlaw,0.6832275495,,,0.6832275495,,
E14000547,Bath,0.3172454892,,,0.3172454892,,
E14000548,Batley and Spen,0.5962839763,,,0.5962839763,,
E14000549,Battersea,0.2204674055,,,0.2204674055,,
E14000550,Beaconsfield,0.4900626733,,,0.4900626733,,
E14000551,Beckenham,0.4658164112,0.4838170491,Rosenbaum / Greenwood data,0.4838170491,,
E14000552,Bedford,0.5340535638,0.5194916653,Rosenbaum / Greenwood data,0.5194916653,,
E14000553,Bermondsey and Old Southwark,0.2605032728,,,0.2605032728,,
E14000554,Berwick-upon-Tweed,0.552978154,,,0.552978154,,
E14000555,Bethnal Green and Bow,0.3085839516,,,0.3085839516,,
E14000556,Beverley and Holderness,0.5873947556,,,0.5873947556,,
E14000557,Bexhill and Battle,0.5772121461,,,0.5772121461,,
E14000558,Bexleyheath and Crayford,0.6525513745,,,0.6525513745,,
E14000559,Birkenhead,0.5270422259,0.517076065,Rosenbaum / Greenwood data,0.517076065,,
E14000560,"Birmingham, Edgbaston",0.4375173151,0.4734707048,Rosenbaum / Greenwood data,0.4734707048,,
E14000561,"Birmingham, Erdington",0.584800591,0.6297289172,Rosenbaum / Greenwood data,0.6297289172,,
E14000562,"Birmingham, Hall Green",0.4217662326,0.3356875091,Rosenbaum / Greenwood data,0.3356875091,,
E14000563,"Birmingham, Hodge Hill",0.5081217891,0.5148416727,Rosenbaum / Greenwood data,0.5148416727,,
E14000564,"Birmingham, Ladywood",0.3983781662,0.3562267156,Rosenbaum / Greenwood data,0.3562267156,,
E14000565,"Birmingham, Northfield",0.5931877079,0.617882451,Rosenbaum / Greenwood data,0.617882451,,
E14000566,"Birmingham, Perry Barr",0.5415126307,0.5121731706,Rosenbaum / Greenwood data,0.5121731706,,
E14000567,"Birmingham, Selly Oak",0.457496277,0.4690743133,Rosenbaum / Greenwood data,0.4690743133,,
E14000568,"Birmingham, Yardley",0.6061798914,0.6009480763,Rosenbaum / Greenwood data,0.6009480763,,
E14000569,Bishop Auckland,0.6088597515,,,0.6088597515,,
E14000570,Blackburn,0.559428156,0.5372925725,Rosenbaum / Greenwood data,0.5372925725,,
E14000571,Blackley and Broughton,0.5003920379,,,0.5003920379,,
E14000572,Blackpool North and Cleveleys,0.6691034244,,,0.6691034244,,
E14000573,Blackpool South,0.6781412457,,,0.6781412457,,
E14000574,Blaydon,0.5612462434,,,0.5612462434,,
E14000575,Blyth Valley,0.6049485326,,,0.6049485326,,
E14000576,Bognor Regis and Littlehampton,0.6479230497,,,0.6479230497,,
E14000577,Bolsover,0.703942464,,,0.703942464,,
E14000578,Bolton North East,0.5811275967,,,0.5811275967,,
E14000579,Bolton South East,0.630276743,,,0.630276743,,
E14000580,Bolton West,0.5555402654,,,0.5555402654,,
E14000581,Bootle,0.5479967454,,,0.5479967454,,
E14000582,Boston and Skegness,0.7564987141,,,0.7564987141,,
E14000583,Bosworth,0.6082936386,,,0.6082936386,,
E14000584,Bournemouth East,0.5369069461,,,0.5369069461,,
E14000585,Bournemouth West,0.5773176661,,,0.5773176661,,
E14000586,Bracknell,0.532448746,,,0.532448746,,
E14000587,Bradford East,0.5562529363,0.5515782934,Rosenbaum / Greenwood data,0.5515782934,,
E14000588,Bradford South,0.6356010563,0.6356121775,Rosenbaum / Greenwood data,0.6356121775,,
E14000589,Bradford West,0.4637242088,0.4674085444,Rosenbaum / Greenwood data,0.4674085444,,
E14000590,Braintree,0.6151564016,,,0.6151564016,,
E14000591,Brent Central,0.4288758826,,,0.4288758826,,
E14000592,Brent North,0.4261175105,,,0.4261175105,,
E14000593,Brentford and Isleworth,0.4035126808,0.4330890315,Rosenbaum / Greenwood data,0.4330890315,,
E14000594,Brentwood and Ongar,0.611892869,,,0.611892869,,
E14000595,Bridgwater and West Somerset,0.6206398322,,,0.6206398322,,
E14000596,Brigg and Goole,0.6622691693,,,0.6622691693,,
E14000597,"Brighton, Kemptown",0.435923134,,,0.435923134,,
E14000598,"Brighton, Pavilion",0.259335501,,,0.259335501,,
E14000599,Bristol East,0.4872600535,0.4679527183,Rosenbaum / Greenwood data,0.4679527183,,
E14000600,Bristol North West,0.412667041,0.3885281199,Rosenbaum / Greenwood data,0.3885281199,,
E14000601,Bristol South,0.4728418442,0.4795283789,Rosenbaum / Greenwood data,0.4795283789,,
E14000602,Bristol West,0.1911825038,0.2071150843,Rosenbaum / Greenwood data,0.2071150843,,
E14000603,Broadland,0.5410084801,,,0.5410084801,,
E14000604,Bromley and Chislehurst,0.4969899795,0.4982886934,Rosenbaum / Greenwood data,0.4982886934,,
E14000605,Bromsgrove,0.5536512794,,,0.5536512794,,
E14000606,Broxbourne,0.6553477318,,,0.6553477318,,
E14000607,Broxtowe,0.525137019,,,0.525137019,,
E14000608,Buckingham,0.4887086722,,,0.4887086722,,
E14000609,Burnley,0.6661279897,,,0.6661279897,,
E14000610,Burton,0.6479315748,,,0.6479315748,,
E14000611,Bury North,0.5366703124,,,0.5366703124,,
E14000612,Bury South,0.5451175263,,,0.5451175263,,
E14000613,Bury St Edmunds,0.5399247144,,,0.5399247144,,
E14000614,Calder Valley,0.5150966671,0.5316421306,Rosenbaum / Greenwood data,0.5316421306,,
E14000615,Camberwell and Peckham,0.3148177032,,,0.3148177032,,
E14000616,Camborne and Redruth,0.5841285279,,,0.5841285279,,
E14000617,Cambridge,0.2626488573,0.262252731,Rosenbaum / Greenwood data,0.262252731,,
E14000618,Cannock Chase,0.6886035313,0.6886035313,Rosenbaum / Greenwood data,0.6886035313,,
E14000619,Canterbury,0.4532740482,,,0.4532740482,,
E14000620,Carlisle,0.606437746,,,0.606437746,,
E14000621,Carshalton and Wallington,0.5626121404,0.5430191518,Council ward data; personal communication from Charlie Mansell,0.5626121404,,
E14000622,Castle Point,0.7269939242,,,0.7269939242,,
E14000623,Central Devon,0.5088695191,,,0.5088695191,,
E14000624,Central Suffolk and North Ipswich,0.5489119115,,,0.5489119115,,
E14000625,Charnwood,0.578746718,,,0.578746718,,
E14000626,Chatham and Aylesford,0.6390539181,,,0.6390539181,,
E14000627,Cheadle,0.4207356272,0.4265303264,Rosenbaum / Greenwood data,0.4265303264,,
E14000628,Chelmsford,0.5068320063,,,0.5068320063,,
E14000629,Chelsea and Fulham,0.2909905564,,,0.2909905564,,
E14000630,Cheltenham,0.4289897606,,,0.4289897606,,
E14000631,Chesham and Amersham,0.4498498396,,,0.4498498396,,
E14000632,Chesterfield,0.592932532,,,0.592932532,,
E14000633,Chichester,0.5073277069,,,0.5073277069,,
E14000634,Chingford and Woodford Green,0.4988047103,,,0.4988047103,,
E14000635,Chippenham,0.5158581819,,,0.5158581819,,
E14000636,Chipping Barnet,0.4107457795,,,0.4107457795,,
E14000637,Chorley,0.56745851,,,0.56745851,,
E14000638,Christchurch,0.599639612,,,0.599639612,,
E14000639,Cities of London and Westminster,0.2805367285,,,0.2805367285,,
E14000640,City of Chester,0.4227570868,,,0.4227570868,,
E14000641,City of Durham,0.4333673396,,,0.4333673396,,
E14000642,Clacton,0.730439705,,,0.730439705,,
E14000643,Cleethorpes,0.6950382101,,,0.6950382101,,
E14000644,Colchester,0.5151448181,,,0.5151448181,,
E14000645,Colne Valley,0.5005534919,,,0.5005534919,,
E14000646,Congleton,0.5261269112,,,0.5261269112,,
E14000647,Copeland,0.5919658372,,,0.5919658372,,
E14000648,Corby,0.6014688934,,,0.6014688934,,
E14000649,Coventry North East,0.5777456818,,,0.5777456818,,
E14000650,Coventry North West,0.5837436004,,,0.5837436004,,
E14000651,Coventry South,0.5037949289,,,0.5037949289,,
E14000652,Crawley,0.584136714,,,0.584136714,,
E14000653,Crewe and Nantwich,0.6028912321,,,0.6028912321,,
E14000654,Croydon Central,0.4873763669,0.5031024069,Rosenbaum / Greenwood data,0.5031024069,,
E14000655,Croydon North,0.4327017153,0.4116806604,Rosenbaum / Greenwood data,0.4116806604,,
E14000656,Croydon South,0.4531235355,0.4580567492,Rosenbaum / Greenwood data,0.4580567492,,
E14000657,Dagenham and Rainham,0.7034795688,,,0.7034795688,,
E14000658,Darlington,0.5809965023,,,0.5809965023,,
E14000659,Dartford,0.639834539,,,0.639834539,,
E14000660,Daventry,0.5858949343,,,0.5858949343,,
E14000661,Denton and Reddish,0.6140197383,0.6098402815,Rosenbaum / Greenwood data,0.6098402815,,
E14000662,Derby North,0.5425037957,,,0.5425037957,,
E14000663,Derby South,0.6135345111,,,0.6135345111,,
E14000664,Derbyshire Dales,0.5123541177,,,0.5123541177,,
E14000665,Devizes,0.5353419453,,,0.5353419453,,
E14000666,Dewsbury,0.5714654852,,,0.5714654852,,
E14000667,Don Valley,0.6848643718,,,0.6848643718,,
E14000668,Doncaster Central,0.6670483969,,,0.6670483969,,
E14000669,Doncaster North,0.7165068615,,,0.7165068615,,
E14000670,Dover,0.6300961235,,,0.6300961235,,
E14000671,Dudley North,0.6984436961,0.7143022556,Rosenbaum / Greenwood data,0.7143022556,,
E14000672,Dudley South,0.6970192866,0.7041731849,Rosenbaum / Greenwood data,0.7041731849,,
E14000673,Dulwich and West Norwood,0.2293742067,,,0.2293742067,,
E14000674,Ealing Central and Acton,0.2909597978,0.2915028059,Rosenbaum / Greenwood data,0.2915028059,,
E14000675,Ealing North,0.4855344829,0.4625609216,Rosenbaum / Greenwood data,0.4625609216,,
E14000676,"Ealing, Southall",0.43223582,0.4182634912,Rosenbaum / Greenwood data,0.4182634912,,
E14000677,Easington,0.6596337483,,,0.6596337483,,
E14000678,East Devon,0.504076662,,,0.504076662,,
E14000679,East Ham,0.4626928129,,,0.4626928129,,
E14000680,East Hampshire,0.4927436942,,,0.4927436942,,
E14000681,East Surrey,0.541993428,,,0.541993428,,
E14000682,East Worthing and Shoreham,0.5368144821,,,0.5368144821,,
E14000683,East Yorkshire,0.6366218474,,,0.6366218474,,
E14000684,Eastbourne,0.5754446064,,,0.5754446064,,
E14000685,Eastleigh,0.5434589934,,,0.5434589934,,
E14000686,Eddisbury,0.5216666864,,,0.5216666864,,
E14000687,Edmonton,0.4739916237,0.455096172,Rosenbaum / Greenwood data,0.455096172,,
E14000688,Ellesmere Port and Neston,0.5834197808,,,0.5834197808,,
E14000689,Elmet and Rothwell,0.5679310101,,,0.5679310101,,
E14000690,Eltham,0.5236759908,0.5181526511,Rosenbaum / Greenwood data,0.5181526511,,
E14000691,Enfield North,0.4793700185,0.4921544262,Rosenbaum / Greenwood data,0.4921544262,,
E14000692,"Enfield, Southgate",0.3760701335,0.3788481586,Rosenbaum / Greenwood data,0.3788481586,,
E14000693,Epping Forest,0.6101128584,,,0.6101128584,,
E14000694,Epsom and Ewell,0.4778075706,,,0.4778075706,,
E14000695,Erewash,0.6322379118,,,0.6322379118,,
E14000696,Erith and Thamesmead,0.5463087853,,,0.5463087853,,
E14000697,Esher and Walton,0.4156633024,,,0.4156633024,,
E14000698,Exeter,0.4482789363,,,0.4482789363,,
E14000699,Fareham,0.5552010727,,,0.5552010727,,
E14000700,Faversham and Mid Kent,0.5867045504,,,0.5867045504,,
E14000701,Feltham and Heston,0.58305386,0.5593200537,Rosenbaum / Greenwood data,0.5593200537,,
E14000702,Filton and Bradley Stoke,0.4877303387,,,0.4877303387,,
E14000703,Finchley and Golders Green,0.3110078691,,,0.3110078691,,
E14000704,Folkestone and Hythe,0.6164041021,,,0.6164041021,,
E14000705,Forest of Dean,0.5788889683,,,0.5788889683,,
E14000706,Fylde,0.5672864297,,,0.5672864297,,
E14000707,Gainsborough,0.6195582417,,,0.6195582417,,
E14000708,Garston and Halewood,0.4796281365,,,0.4796281365,,
E14000709,Gateshead,0.5622325502,,,0.5622325502,,
E14000710,Gedling,0.5629742908,,,0.5629742908,,
E14000711,Gillingham and Rainham,0.6424819243,0.6358208955,Rosenbaum / Greenwood data,0.6358208955,,
E14000712,Gloucester,0.5881217098,0.5890014719,Rosenbaum / Greenwood data,0.5890014719,,
E14000713,Gosport,0.6181519262,,,0.6181519262,,
E14000714,Grantham and Stamford,0.6099591413,,,0.6099591413,,
E14000715,Gravesham,0.6537720795,,,0.6537720795,,
E14000716,Great Grimsby,0.6915965382,0.7144662955,Rosenbaum / Greenwood data,0.7144662955,,
E14000717,Great Yarmouth,0.7150494733,,,0.7150494733,,
E14000718,Greenwich and Woolwich,0.3472920839,0.356656796,Rosenbaum / Greenwood data,0.356656796,,
E14000719,Guildford,0.4120234401,,,0.4120234401,,
E14000720,Hackney North and Stoke Newington,0.2048078926,,,0.2048078926,,
E14000721,Hackney South and Shoreditch,0.2278226185,,,0.2278226185,,
E14000722,Halesowen and Rowley Regis,0.6658986796,,,0.6658986796,,
E14000723,Halifax,0.6069897472,0.5882165334,Rosenbaum / Greenwood data,0.5882165334,,
E14000724,Haltemprice and Howden,0.5523170958,,,0.5523170958,,
E14000725,Halton,0.576668684,,,0.576668684,,
E14000726,Hammersmith,0.3131363377,,,0.3131363377,,
E14000727,Hampstead and Kilburn,0.2372531934,,,0.2372531934,,
E14000728,Harborough,0.5236640286,,,0.5236640286,,
E14000729,Harlow,0.6773231788,,,0.6773231788,,
E14000730,Harrogate and Knaresborough,0.4717935509,,,0.4717935509,,
E14000731,Harrow East,0.4970660933,0.4747858454,Rosenbaum / Greenwood data,0.4747858454,,
E14000732,Harrow West,0.4186838561,0.4505624317,Rosenbaum / Greenwood data,0.4505624317,,
E14000733,Hartlepool,0.6956832972,,,0.6956832972,,
E14000734,Harwich and North Essex,0.5899558448,,,0.5899558448,,
E14000735,Hastings and Rye,0.5593723936,,,0.5593723936,,
E14000736,Havant,0.6261790804,,,0.6261790804,,
E14000737,Hayes and Harlington,0.5824500129,,,0.5824500129,,
E14000738,Hazel Grove,0.5168800755,0.5220859153,Rosenbaum / Greenwood data,0.5220859153,,
E14000739,Hemel Hempstead,0.5548656199,,,0.5548656199,,
E14000740,Hemsworth,0.6735049942,0.6812554559,Rosenbaum / Greenwood data,0.6812554559,,
E14000741,Hendon,0.4157417525,,,0.4157417525,,
E14000742,Henley,0.4308582018,,,0.4308582018,,
E14000743,Hereford and South Herefordshire,0.6041755815,,,0.6041755815,,
E14000744,Hertford and Stortford,0.4923723453,,,0.4923723453,,
E14000745,Hertsmere,0.5083652561,,,0.5083652561,,
E14000746,Hexham,0.4533673575,,,0.4533673575,,
E14000747,Heywood and Middleton,0.6196021877,0.6242561164,Rosenbaum / Greenwood data,0.6242561164,,
E14000748,High Peak,0.5054802765,,,0.5054802765,,
E14000749,Hitchin and Harpenden,0.3930870773,0.3979351954,Rosenbaum / Greenwood data,0.3979351954,,
E14000750,Holborn and St Pancras,0.2759746882,0.2665874363,Rosenbaum / Greenwood data,0.2665874363,,
E14000751,Hornchurch and Upminster,0.6977684353,0.6949469368,Rosenbaum / Greenwood data,0.6949469368,,
E14000752,Hornsey and Wood Green,0.1824799295,0.2498291003,Rosenbaum / Greenwood data,0.2498291003,,
E14000753,Horsham,0.4948641006,,,0.4948641006,,
E14000754,Houghton and Sunderland South,0.6450452826,0.6243418578,Rosenbaum / Greenwood data,0.6243418578,,
E14000755,Hove,0.3294684477,,,0.3294684477,,
E14000756,Huddersfield,0.5185084158,,,0.5185084158,,
E14000757,Huntingdon,0.5348897031,,,0.5348897031,,
E14000758,Hyndburn,0.6581912778,,,0.6581912778,,
E14000759,Ilford North,0.5330920424,,,0.5330920424,,
E14000760,Ilford South,0.4330979986,,,0.4330979986,,
E14000761,Ipswich,0.5651572347,,,0.5651572347,,
E14000762,Isle of Wight,0.6194633409,,,0.6194633409,,
E14000763,Islington North,0.2344824519,0.2161112362,Rosenbaum / Greenwood data,0.2161112362,,
E14000764,Islington South and Finsbury,0.2618578069,0.2828310011,Rosenbaum / Greenwood data,0.2828310011,,
E14000765,Jarrow,0.617773494,,,0.617773494,,
E14000766,Keighley,0.555612091,0.5332509525,Rosenbaum / Greenwood data,0.5332509525,,
E14000767,Kenilworth and Southam,0.4620568194,,,0.4620568194,,
E14000768,Kensington,0.3120458613,,,0.3120458613,,
E14000769,Kettering,0.6098836886,,,0.6098836886,,
E14000770,Kingston and Surbiton,0.408444531,,,0.408444531,,
E14000771,Kingston upon Hull East,0.7283156301,,,0.7283156301,,
E14000772,Kingston upon Hull North,0.5978966567,,,0.5978966567,,
E14000773,Kingston upon Hull West and Hessle,0.6799068009,,,0.6799068009,,
E14000774,Kingswood,0.571216387,,,0.571216387,,
E14000775,Knowsley,0.5234216074,,,0.5234216074,,
E14000776,Lancaster and Fleetwood,0.5198908416,,,0.5198908416,,
E14000777,Leeds Central,0.4596096799,,,0.4596096799,,
E14000778,Leeds East,0.6144434805,,,0.6144434805,,
E14000779,Leeds North East,0.3742284755,,,0.3742284755,,
E14000780,Leeds North West,0.3540609652,,,0.3540609652,,
E14000781,Leeds West,0.5326613806,,,0.5326613806,,
E14000782,Leicester East,0.540619991,,,0.540619991,,
E14000783,Leicester South,0.424353547,,,0.424353547,,
E14000784,Leicester West,0.5083599188,,,0.5083599188,,
E14000785,Leigh,0.6328780092,,,0.6328780092,,
E14000786,Lewes,0.471421738,,,0.471421738,,
E14000787,Lewisham East,0.3537050455,,,0.3537050455,,
E14000788,Lewisham West and Penge,0.3459205781,,,0.3459205781,,
E14000789,"Lewisham, Deptford",0.2442621232,,,0.2442621232,,
E14000790,Leyton and Wanstead,0.34755182,,,0.34755182,,
E14000791,Lichfield,0.5750890224,,,0.5750890224,,
E14000792,Lincoln,0.5743263373,,,0.5743263373,,
E14000793,"Liverpool, Riverside",0.2730066196,,,0.2730066196,,
E14000794,"Liverpool, Walton",0.5216803564,,,0.5216803564,,
E14000795,"Liverpool, Wavertree",0.3526162544,,,0.3526162544,,
E14000796,"Liverpool, West Derby",0.4982071976,,,0.4982071976,,
E14000797,Loughborough,0.5009042072,,,0.5009042072,,
E14000798,Louth and Horncastle,0.6889943001,,,0.6889943001,,
E14000799,Ludlow,0.5788401838,,,0.5788401838,,
E14000800,Luton North,0.591531961,,,0.591531961,,
E14000801,Luton South,0.5459717781,,,0.5459717781,,
E14000802,Macclesfield,0.4718379716,,,0.4718379716,,
E14000803,Maidenhead,0.4502570105,,,0.4502570105,,
E14000804,Maidstone and The Weald,0.5591719647,,,0.5591719647,,
E14000805,Makerfield,0.6491008795,,,0.6491008795,,
E14000806,Maldon,0.6095603214,,,0.6095603214,,
E14000807,Manchester Central,0.3635657629,,,0.3635657629,,
E14000808,"Manchester, Gorton",0.3821218401,,,0.3821218401,,
E14000809,"Manchester, Withington",0.2493859855,,,0.2493859855,,
E14000810,Mansfield,0.7086291353,,,0.7086291353,,
E14000811,Meon Valley,0.5192753092,,,0.5192753092,,
E14000812,Meriden,0.5812063853,0.5880843468,Rosenbaum / Greenwood data,0.5880843468,,
E14000813,Mid Bedfordshire,0.5288045363,,,0.5288045363,,
E14000814,Mid Derbyshire,0.5247070747,,,0.5247070747,,
E14000815,Mid Dorset and North Poole,0.5708316477,,,0.5708316477,,
E14000816,Mid Norfolk,0.6059812834,,,0.6059812834,,
E14000817,Mid Sussex,0.4644059275,,,0.4644059275,,
E14000818,Mid Worcestershire,0.5938652824,,,0.5938652824,,
E14000819,Middlesbrough,0.644781963,0.6608364664,Rosenbaum / Greenwood data,0.6608364664,,
E14000820,Middlesbrough South and East Cleveland,0.6526552985,,,0.6526552985,,
E14000821,Milton Keynes North,0.4966509051,,,0.4966509051,,
E14000822,Milton Keynes South,0.5308140404,,,0.5308140404,,
E14000823,Mitcham and Morden,0.490303222,0.4468652381,Rosenbaum / Greenwood data,0.4468652381,,
E14000824,Mole Valley,0.4731132761,,,0.4731132761,,
E14000825,Morecambe and Lunesdale,0.5818562055,,,0.5818562055,,
E14000826,Morley and Outwood,0.5981727737,,,0.5981727737,,
E14000827,New Forest East,0.6017814514,,,0.6017814514,,
E14000828,New Forest West,0.552576565,,,0.552576565,,
E14000829,Newark,0.557006959,,,0.557006959,,
E14000830,Newbury,0.4780556283,,,0.4780556283,,
E14000831,Newcastle upon Tyne Central,0.4800307977,,,0.4800307977,,
E14000832,Newcastle upon Tyne East,0.4107125543,,,0.4107125543,,
E14000833,Newcastle upon Tyne North,0.568289241,,,0.568289241,,
E14000834,Newcastle-under-Lyme,0.6164498629,,,0.6164498629,,
E14000835,Newton Abbot,0.5601337034,,,0.5601337034,,
E14000836,"Normanton, Pontefract and Castleford",0.7034669538,0.6925528289,Rosenbaum / Greenwood data,0.6925528289,,
E14000837,North Cornwall,0.6019250026,,,0.6019250026,,
E14000838,North Devon,0.5703847943,,,0.5703847943,,
E14000839,North Dorset,0.5660860284,,,0.5660860284,,
E14000840,North Durham,0.6030487199,,,0.6030487199,,
E14000841,North East Bedfordshire,0.5343760549,,,0.5343760549,,
E14000842,North East Cambridgeshire,0.693543227,,,0.693543227,,
E14000843,North East Derbyshire,0.6205167227,,,0.6205167227,,
E14000844,North East Hampshire,0.4617891358,,,0.4617891358,,
E14000845,North East Hertfordshire,0.5143007318,,,0.5143007318,,
E14000846,North East Somerset,0.516345075,,,0.516345075,,
E14000847,North Herefordshire,0.5801893429,,,0.5801893429,,
E14000848,North Norfolk,0.5840028672,,,0.5840028672,,
E14000849,North Shropshire,0.5984811855,,,0.5984811855,,
E14000850,North Somerset,0.4758369914,,,0.4758369914,,
E14000851,North Swindon,0.5728561384,,,0.5728561384,,
E14000852,North Thanet,0.6518256162,,,0.6518256162,,
E14000853,North Tyneside,0.5952071882,,,0.5952071882,,
E14000854,North Warwickshire,0.6776303004,,,0.6776303004,,
E14000855,North West Cambridgeshire,0.5693409702,,,0.5693409702,,
E14000856,North West Durham,0.5504620043,,,0.5504620043,,
E14000857,North West Hampshire,0.5475487561,,,0.5475487561,,
E14000858,North West Leicestershire,0.6069847772,,,0.6069847772,,
E14000859,North West Norfolk,0.6577828612,,,0.6577828612,,
E14000860,North Wiltshire,0.5030214983,,,0.5030214983,,
E14000861,Northampton North,0.6027129005,,,0.6027129005,,
E14000862,Northampton South,0.5899521881,,,0.5899521881,,
E14000863,Norwich North,0.5672662157,,,0.5672662157,,
E14000864,Norwich South,0.4053030013,,,0.4053030013,,
E14000865,Nottingham East,0.4261616196,0.4287932214,Rosenbaum / Greenwood data,0.4287932214,,
E14000866,Nottingham North,0.632790864,0.6380805601,Rosenbaum / Greenwood data,0.6380805601,,
E14000867,Nottingham South,0.4558812923,0.4646776483,Rosenbaum / Greenwood data,0.4646776483,,
E14000868,Nuneaton,0.6450599311,,,0.6450599311,,
E14000869,Old Bexley and Sidcup,0.6243048761,,,0.6243048761,,
E14000870,Oldham East and Saddleworth,0.5787523392,0.5992043445,Rosenbaum / Greenwood data,0.5992043445,,
E14000871,Oldham West and Royton,0.6230779763,0.6130829724,Rosenbaum / Greenwood data,0.6130829724,,
E14000872,Orpington,0.5619726061,0.5754149843,Rosenbaum / Greenwood data,0.5754149843,,
E14000873,Oxford East,0.3252633748,,,0.3252633748,,
E14000874,Oxford West and Abingdon,0.3802924096,,,0.3802924096,,
E14000875,Pendle,0.631542958,,,0.631542958,,
E14000876,Penistone and Stocksbridge,0.6065127663,,,0.6065127663,,
E14000877,Penrith and The Border,0.5520240964,,,0.5520240964,,
E14000878,Peterborough,0.6268013307,0.6130959473,Rosenbaum / Greenwood data,0.6130959473,,
E14000879,"Plymouth, Moor View",0.6847795992,0.6644024004,Rosenbaum / Greenwood data,0.6644024004,,
E14000880,"Plymouth, Sutton and Devonport",0.5138972544,0.5440523532,Rosenbaum / Greenwood data,0.5440523532,,
E14000881,Poole,0.574193151,,,0.574193151,,
E14000882,Poplar and Limehouse,0.3420763699,,,0.3420763699,,
E14000883,Portsmouth North,0.6516498989,0.6369341446,Rosenbaum / Greenwood data,0.6369341446,,
E14000884,Portsmouth South,0.4973937422,0.517630344,Rosenbaum / Greenwood data,0.517630344,,
E14000885,Preston,0.5567265973,,,0.5567265973,,
E14000886,Pudsey,0.4858436387,,,0.4858436387,,
E14000887,Putney,0.2776423307,,,0.2776423307,,
E14000888,Rayleigh and Wickford,0.6765267372,,,0.6765267372,,
E14000889,Reading East,0.3825332654,,,0.3825332654,,
E14000890,Reading West,0.5151014619,,,0.5151014619,,
E14000891,Redcar,0.676748838,,,0.676748838,,
E14000892,Redditch,0.6098995823,,,0.6098995823,,
E14000893,Reigate,0.4797697869,,,0.4797697869,,
E14000894,Ribble Valley,0.5873089181,,,0.5873089181,,
E14000895,Richmond (Yorks),0.5471043694,,,0.5471043694,,
E14000896,Richmond Park,0.286856313,,,0.286856313,,
E14000897,Rochdale,0.579105096,0.5745003587,Rosenbaum / Greenwood data,0.5745003587,,
E14000898,Rochester and Strood,0.6337622072,0.6368812299,Rosenbaum / Greenwood data,0.6368812299,,
E14000899,Rochford and Southend East,0.6092034453,,,0.6092034453,,
E14000900,Romford,0.6743795804,0.6928564916,Rosenbaum / Greenwood data,0.6928564916,,
E14000901,Romsey and Southampton North,0.4607558645,,,0.4607558645,,
E14000902,Rossendale and Darwen,0.589357362,,,0.589357362,,
E14000903,Rother Valley,0.6650698733,0.6672198864,Rosenbaum / Greenwood data,0.6672198864,,
E14000904,Rotherham,0.6875192763,0.6834596314,Rosenbaum / Greenwood data,0.6834596314,,
E14000905,Rugby,0.5861758176,,,0.5861758176,,
E14000906,"Ruislip, Northwood and Pinner",0.4954384553,,,0.4954384553,,
E14000907,Runnymede and Weybridge,0.4984697172,,,0.4984697172,,
E14000908,Rushcliffe,0.4146612381,,,0.4146612381,,
E14000909,Rutland and Melton,0.5387786935,,,0.5387786935,,
E14000910,Saffron Walden,0.5123953346,,,0.5123953346,,
E14000911,Salford and Eccles,0.5279734886,0.5359345748,Rosenbaum / Greenwood data,0.5359345748,,
E14000912,Salisbury,0.4990814012,,,0.4990814012,,
E14000913,Scarborough and Whitby,0.6131829001,,,0.6131829001,,
E14000914,Scunthorpe,0.6867554724,,,0.6867554724,,
E14000915,Sedgefield,0.5943575056,,,0.5943575056,,
E14000916,Sefton Central,0.4408858731,,,0.4408858731,,
E14000917,Selby and Ainsty,0.576526008,,,0.576526008,,
E14000918,Sevenoaks,0.540405142,,,0.540405142,,
E14000919,Sheffield Central,0.3191197257,,,0.3191197257,,
E14000920,Sheffield South East,0.6631781806,,,0.6631781806,,
E14000921,"Sheffield, Brightside and Hillsborough",0.5997367924,,,0.5997367924,,
E14000922,"Sheffield, Hallam",0.3400606514,,,0.3400606514,,
E14000923,"Sheffield, Heeley",0.5716131009,,,0.5716131009,,
E14000924,Sherwood,0.6365773924,,,0.6365773924,,
E14000925,Shipley,0.49711304,0.5221134452,Rosenbaum / Greenwood data,0.5221134452,,
E14000926,Shrewsbury and Atcham,0.5292057793,,,0.5292057793,,
E14000927,Sittingbourne and Sheppey,0.6536448876,,,0.6536448876,,
E14000928,Skipton and Ripon,0.5318714405,,,0.5318714405,,
E14000929,Sleaford and North Hykeham,0.6158316665,,,0.6158316665,,
E14000930,Slough,0.5405691498,,,0.5405691498,,
E14000931,Solihull,0.5419428866,0.5334830853,Rosenbaum / Greenwood data,0.5334830853,,
E14000932,Somerton and Frome,0.5032814379,,,0.5032814379,,
E14000933,South Basildon and East Thurrock,0.7299557169,,,0.7299557169,,
E14000934,South Cambridgeshire,0.384889637,,,0.384889637,,
E14000935,South Derbyshire,0.6035100097,,,0.6035100097,,
E14000936,South Dorset,0.5944560911,,,0.5944560911,,
E14000937,South East Cambridgeshire,0.4530481876,,,0.4530481876,,
E14000938,South East Cornwall,0.5509870579,,,0.5509870579,,
E14000939,South Holland and The Deepings,0.710714432,,,0.710714432,,
E14000940,South Leicestershire,0.5814205318,,,0.5814205318,,
E14000941,South Norfolk,0.5088435338,,,0.5088435338,,
E14000942,South Northamptonshire,0.5333802045,,,0.5333802045,,
E14000943,South Ribble,0.5663894373,,,0.5663894373,,
E14000944,South Shields,0.6265653537,0.6205253267,Rosenbaum / Greenwood data,0.6205253267,,
E14000945,South Staffordshire,0.6548690832,0.6524281719,Rosenbaum / Greenwood data,0.6524281719,,
E14000946,South Suffolk,0.5402620066,,,0.5402620066,,
E14000947,South Swindon,0.5165309409,,,0.5165309409,,
E14000948,South Thanet,0.6169104703,,,0.6169104703,,
E14000949,South West Bedfordshire,0.580834155,,,0.580834155,,
E14000950,South West Devon,0.5507620277,,,0.5507620277,,
E14000951,South West Hertfordshire,0.461954801,,,0.461954801,,
E14000952,South West Norfolk,0.6667395689,,,0.6667395689,,
E14000953,South West Surrey,0.4074971314,,,0.4074971314,,
E14000954,South West Wiltshire,0.5688136728,,,0.5688136728,,
E14000955,"Southampton, Itchen",0.6029473415,,,0.6029473415,,
E14000956,"Southampton, Test",0.4941218119,,,0.4941218119,,
E14000957,Southend West,0.5697248951,0.5507458096,Rosenbaum / Greenwood data,0.5507458096,,
E14000958,Southport,0.4629283656,,,0.4629283656,,
E14000959,Spelthorne,0.60299599,,,0.60299599,,
E14000960,St Albans,0.3783228099,,,0.3783228099,,
E14000961,St Austell and Newquay,0.6406363369,,,0.6406363369,,
E14000962,St Helens North,0.583928578,,,0.583928578,,
E14000963,St Helens South and Whiston,0.5605374105,,,0.5605374105,,
E14000964,St Ives,0.547660454,,,0.547660454,,
E14000965,Stafford,0.5746250827,,,0.5746250827,,
E14000966,Staffordshire Moorlands,0.6469043246,,,0.6469043246,,
E14000967,Stalybridge and Hyde,0.5852045955,0.592907293,Rosenbaum / Greenwood data,0.592907293,,
E14000968,Stevenage,0.5703690856,,,0.5703690856,,
E14000969,Stockport,0.4794963385,0.4678932179,Rosenbaum / Greenwood data,0.4678932179,,
E14000970,Stockton North,0.6632496941,,,0.6632496941,,
E14000971,Stockton South,0.5776439166,,,0.5776439166,,
E14000972,Stoke-on-Trent Central,0.6484664776,,,0.6484664776,,
E14000973,Stoke-on-Trent North,0.7212358561,,,0.7212358561,,
E14000974,Stoke-on-Trent South,0.7110740622,,,0.7110740622,,
E14000975,Stone,0.5753522217,,,0.5753522217,,
E14000976,Stourbridge,0.6474221625,0.6366398328,Rosenbaum / Greenwood data,0.6366398328,,
E14000977,Stratford-on-Avon,0.5100166755,,,0.5100166755,,
E14000978,Streatham,0.2216219349,0.2053967406,Rosenbaum / Greenwood data,0.2053967406,,
E14000979,Stretford and Urmston,0.4890548546,,,0.4890548546,,
E14000980,Stroud,0.4586215909,,,0.4586215909,,
E14000981,Suffolk Coastal,0.5521257568,,,0.5521257568,,
E14000982,Sunderland Central,0.5539399799,0.5993816529,Rosenbaum / Greenwood data,0.5993816529,,
E14000983,Surrey Heath,0.5185155398,,,0.5185155398,,
E14000984,Sutton and Cheam,0.5128387875,0.5316298368,Council ward data; personal communication from Charlie Mansell,0.5128387875,,
E14000985,Sutton Coldfield,0.4835222808,0.5167437686,Rosenbaum / Greenwood data,0.5167437686,,
E14000986,Tamworth,0.6599235865,,,0.6599235865,,
E14000987,Tatton,0.4563155816,,,0.4563155816,,
E14000988,Taunton Deane,0.5292471057,,,0.5292471057,,
E14000989,Telford,0.6619103402,,,0.6619103402,,
E14000990,Tewkesbury,0.5364874667,,,0.5364874667,,
E14000991,The Cotswolds,0.479241838,,,0.479241838,,
E14000992,The Wrekin,0.593223132,,,0.593223132,,
E14000993,Thirsk and Malton,0.5643278105,,,0.5643278105,,
E14000994,Thornbury and Yate,0.521900806,,,0.521900806,,
E14000995,Thurrock,0.7025530969,,,0.7025530969,,
E14000996,Tiverton and Honiton,0.578205268,,,0.578205268,,
E14000997,Tonbridge and Malling,0.5285743191,,,0.5285743191,,
E14000998,Tooting,0.2558758409,,,0.2558758409,,
E14000999,Torbay,0.6245366801,,,0.6245366801,,
E14001000,Torridge and West Devon,0.571897604,,,0.571897604,,
E14001001,Totnes,0.5389136358,,,0.5389136358,,
E14001002,Tottenham,0.3334662787,0.2377702633,Rosenbaum / Greenwood data,0.2377702633,,
E14001003,Truro and Falmouth,0.4585036987,,,0.4585036987,,
E14001004,Tunbridge Wells,0.4464633719,,,0.4464633719,,
E14001005,Twickenham,0.3331585769,,,0.3331585769,,
E14001006,Tynemouth,0.4763700409,,,0.4763700409,,
E14001007,Uxbridge and South Ruislip,0.571873736,,,0.571873736,,
E14001008,Vauxhall,0.1847104953,0.2242839619,Rosenbaum / Greenwood data,0.2242839619,,
E14001009,Wakefield,0.6255701306,0.6276506725,Rosenbaum / Greenwood data,0.6276506725,,
E14001010,Wallasey,0.525012823,0.4992311963,Rosenbaum / Greenwood data,0.4992311963,,
E14001011,Walsall North,0.7120169562,0.7418521817,Rosenbaum / Greenwood data,0.7418521817,,
E14001012,Walsall South,0.6340057301,0.6163527587,Rosenbaum / Greenwood data,0.6163527587,,
E14001013,Walthamstow,0.3602766041,0.3348858552,Rosenbaum / Greenwood data,0.3348858552,,
E14001014,Wansbeck,0.5628990701,,,0.5628990701,,
E14001015,Wantage,0.4645965101,,,0.4645965101,,
E14001016,Warley,0.6162753511,,,0.6162753511,,
E14001017,Warrington North,0.5807439105,,,0.5807439105,,
E14001018,Warrington South,0.5111005434,,,0.5111005434,,
E14001019,Warwick and Leamington,0.4164027399,,,0.4164027399,,
E14001020,Washington and Sunderland West,0.645268387,0.618513324,Rosenbaum / Greenwood data,0.618513324,,
E14001021,Watford,0.5115197788,,,0.5115197788,,
E14001022,Waveney,0.6341421905,,,0.6341421905,,
E14001023,Wealden,0.5277483489,,,0.5277483489,,
E14001024,Weaver Vale,0.5055283696,,,0.5055283696,,
E14001025,Wellingborough,0.6301966543,,,0.6301966543,,
E14001026,Wells,0.5363034818,,,0.5363034818,,
E14001027,Welwyn Hatfield,0.5282255611,,,0.5282255611,,
E14001028,Wentworth and Dearne,0.7027929536,,,0.7027929536,,
E14001029,West Bromwich East,0.6817501793,,,0.6817501793,,
E14001030,West Bromwich West,0.6867089363,,,0.6867089363,,
E14001031,West Dorset,0.510392986,,,0.510392986,,
E14001032,West Ham,0.4796501844,,,0.4796501844,,
E14001033,West Lancashire,0.5495081292,,,0.5495081292,,
E14001034,West Suffolk,0.6324870026,,,0.6324870026,,
E14001035,West Worcestershire,0.5251939236,,,0.5251939236,,
E14001036,Westminster North,0.3365480277,,,0.3365480277,,
E14001037,Westmorland and Lonsdale,0.4705617359,,,0.4705617359,,
E14001038,Weston-Super-Mare,0.5720144602,,,0.5720144602,,
E14001039,Wigan,0.6295889069,,,0.6295889069,,
E14001040,Wimbledon,0.2734971731,0.2936939468,Rosenbaum / Greenwood data,0.2936939468,,
E14001041,Winchester,0.3963737859,,,0.3963737859,,
E14001042,Windsor,0.4665907704,,,0.4665907704,,
E14001043,Wirral South,0.4546996851,0.4654894164,Rosenbaum / Greenwood data,0.4654894164,,
E14001044,Wirral West,0.4256876604,0.4469019958,Rosenbaum / Greenwood data,0.4469019958,,
E14001045,Witham,0.6046842975,,,0.6046842975,,
E14001046,Witney,0.4634465746,,,0.4634465746,,
E14001047,Woking,0.4425193357,,,0.4425193357,,
E14001048,Wokingham,0.4269408892,,,0.4269408892,,
E14001049,Wolverhampton North East,0.6750273836,0.6770525193,Rosenbaum / Greenwood data,0.6770525193,,
E14001050,Wolverhampton South East,0.6771874506,0.681449563,Rosenbaum / Greenwood data,0.681449563,,
E14001051,Wolverhampton South West,0.5439496976,0.5436750208,Rosenbaum / Greenwood data,0.5436750208,,
E14001052,Worcester,0.5367724331,0.5367724331,Rosenbaum / Greenwood data,0.5367724331,,
E14001053,Workington,0.6101018397,,,0.6101018397,,
E14001054,Worsley and Eccles South,0.6223901106,0.5979113324,Rosenbaum / Greenwood data,0.5979113324,,
E14001055,Worthing West,0.5601651912,,,0.5601651912,,
E14001056,Wycombe,0.4846191607,,,0.4846191607,,
E14001057,Wyre and Preston North,0.541988663,,,0.541988663,,
E14001058,Wyre Forest,0.6314547474,0.6314547474,Rosenbaum / Greenwood data,0.6314547474,,
E14001059,Wythenshawe and Sale East,0.4964809917,,,0.4964809917,,
E14001060,Yeovil,0.5986554456,,,0.5986554456,,
E14001061,York Central,0.388206767,,,0.388206767,,
E14001062,York Outer,0.446677162,,,0.446677162,,
S14000001,Aberdeen North,0.4309220874,,,0.4309220874,,
S14000002,Aberdeen South,0.321431052,,,0.321431052,,
S14000003,Airdrie and Shotts,0.3983812657,,,0.3983812657,,
S14000004,Angus,0.482443342,,,0.482443342,,
S14000005,Argyll and Bute,0.3943239691,,,0.3943239691,,
S14000006,"Ayr, Carrick and Cumnock",0.4411155085,,,0.4411155085,,
S14000007,Banff and Buchan,0.5359441108,,"Council sources reported Aberdeenshire wards 1-6 (all of which are in Banff and Buchan), but omitted ward 7. There is no known figure for this constituency.",0.5359441108,,
S14000008,"Berwickshire, Roxburgh and Selkirk",0.4325868135,,,0.4325868135,,
S14000009,"Caithness, Sutherland and Easter Ross",0.51339391,,,0.51339391,,
S14000010,Central Ayrshire,0.4162213279,,,0.4162213279,,
S14000011,"Coatbridge, Chryston and Bellshill",0.3877654749,,,0.3877654749,,
S14000012,"Cumbernauld, Kilsyth and Kirkintilloch East",0.3698912494,,,0.3698912494,,
S14000013,Dumfries and Galloway,0.4511085395,,,0.4511085395,,
S14000014,"Dumfriesshire, Clydesdale and Tweeddale",0.4464516678,,,0.4464516678,,
S14000015,Dundee East,0.3841167038,,,0.3841167038,,
S14000016,Dundee West,0.4074563339,,,0.4074563339,,
S14000017,Dunfermline and West Fife,0.3939283743,,,0.3939283743,,
S14000018,East Dunbartonshire,0.2686819626,,,0.2686819626,,
S14000019,"East Kilbride, Strathaven and Lesmahagow",0.369324131,,,0.369324131,,
S14000020,East Lothian,0.3539559572,,,0.3539559572,,
S14000021,East Renfrewshire,0.2568141894,,,0.2568141894,,
S14000022,Edinburgh East,0.3028801152,0.2763678537,Council data,0.2763678537,,
S14000023,Edinburgh North and Leith,0.1703570816,0.2179552346,Council data,0.2179552346,,
S14000024,Edinburgh South,0.2478990249,0.2215338737,Council data,0.2215338737,,
S14000025,Edinburgh South West,0.2636360508,0.2786164648,Council data,0.2786164648,,
S14000026,Edinburgh West,0.313807276,0.2876601964,Council data,0.2876601964,,
S14000027,Na h-Eileanan an Iar,0.4476279944,0.439006772,Rosenbaum / Greenwood data,0.439006772,,
S14000028,Falkirk,0.4210588228,,,0.4210588228,,
S14000029,Glasgow Central,0.2642222127,0.2875060852,Council data,0.2875060852,,
S14000030,Glasgow East,0.4654203224,0.4383731411,Council data,0.4383731411,,
S14000031,Glasgow North,0.2592790469,0.2162047426,Council data,0.2162047426,,
S14000032,Glasgow North East,0.39662104,0.406576167,Council data,0.406576167,,
S14000033,Glasgow North West,0.2997491389,0.3149285296,Council data,0.3149285296,,
S14000034,Glasgow South,0.2683151832,0.2819188863,Council data,0.2819188863,,
S14000035,Glasgow South West,0.4059775972,0.4086436703,Council data,0.4086436703,,
S14000036,Glenrothes,0.4761388839,,,0.4761388839,,
S14000037,Gordon,0.4428598138,,,0.3881886524,,
S14000038,Inverclyde,0.3620342137,,,0.3620342137,,
S14000039,"Inverness, Nairn, Badenoch and Strathspey",0.401324389,,,0.401324389,,
S14000040,Kilmarnock and Loudoun,0.3945466653,,,0.3945466653,,
S14000041,Kirkcaldy and Cowdenbeath,0.4326145395,,,0.4326145395,,
S14000042,Lanark and Hamilton East,0.3595620573,,,0.3595620573,,
S14000043,Linlithgow and East Falkirk,0.4201830304,,,0.4201830304,,
S14000044,Livingston,0.4326090286,,,0.4326090286,,
S14000045,Midlothian,0.3794096947,0.3794096947,Rosenbaum / Greenwood data,0.3794096947,,
S14000046,Moray,0.4987319669,,,0.4987319669,,
S14000047,Motherwell and Wishaw,0.3771035609,,,0.3771035609,,
S14000048,North Ayrshire and Arran,0.4239658754,,,0.4239658754,,
S14000049,North East Fife,0.3631478353,,,0.3631478353,,
S14000050,Ochil and South Perthshire,0.395023841,,,0.395023841,,
S14000051,Orkney and Shetland,0.4028130825,,,0.4028130825,,
S14000052,Paisley and Renfrewshire North,0.3554794429,,,0.3554794429,,
S14000053,Paisley and Renfrewshire South,0.3479527931,,,0.3479527931,,
S14000054,Perth and North Perthshire,0.3990164644,,,0.3990164644,,
S14000055,"Ross, Skye and Lochaber",0.4349302937,,,0.4349302937,,
S14000056,Rutherglen and Hamilton West,0.3756990179,,,0.3756990179,,
S14000057,Stirling,0.322849138,0.3219611271,Rosenbaum / Greenwood data,0.3219611271,,
S14000058,West Aberdeenshire and Kincardine,0.39168773,0.3851948274,Council data,0.3851948274,,
S14000059,West Dunbartonshire,0.3800555298,,,0.3800555298,,
W07000041,Ynys Môn,0.5094200416,,,0.5094200416,,
W07000042,Delyn,0.5440888662,,,0.5440888662,,
W07000043,Alyn and Deeside,0.5805336875,,,0.5805336875,,
W07000044,Wrexham,0.5757425456,,,0.5757425456,,
W07000045,Llanelli,0.5667459672,,,0.5667459672,,
W07000046,Gower,0.4930873269,,,0.4930873269,,
W07000047,Swansea West,0.4340078475,,,0.4340078475,,
W07000048,Swansea East,0.6179255368,,,0.6179255368,,
W07000049,Aberavon,0.6012448399,,,0.6012448399,,
W07000050,Cardiff Central,0.3201457845,,,0.3201457845,,
W07000051,Cardiff North,0.3914785439,,,0.3914785439,,
W07000052,Rhondda,0.6044990078,,,0.6044990078,,
W07000053,Torfaen,0.6077521646,,,0.6077521646,,
W07000054,Monmouth,0.4806450827,,,0.4806450827,,
W07000055,Newport East,0.593309312,,,0.593309312,,
W07000056,Newport West,0.5365707981,,,0.5365707981,,
W07000057,Arfon,0.3584544298,,,0.3584544298,,
W07000058,Aberconwy,0.5219711731,,,0.5219711731,,
W07000059,Clwyd West,0.5301311812,,,0.5301311812,,
W07000060,Vale of Clwyd,0.5655908168,,,0.5655908168,,
W07000061,Dwyfor Meirionnydd,0.4742822884,,,0.4742822884,,
W07000062,Clwyd South,0.598838563,,,0.598838563,,
W07000063,Montgomeryshire,0.5584294422,,,0.5584294422,,
W07000064,Ceredigion,0.4537013739,,,0.4537013739,,
W07000065,Preseli Pembrokeshire,0.553168878,,,0.553168878,,
W07000066,Carmarthen West and South Pembrokeshire,0.5516311742,,,0.5516311742,,
W07000067,Carmarthen East and Dinefwr,0.5320823588,,,0.5320823588,,
W07000068,Brecon and Radnorshire,0.5185508645,,,0.5185508645,,
W07000069,Neath,0.5401540502,,,0.5401540502,,
W07000070,Cynon Valley,0.5673223173,,,0.5673223173,,
W07000071,Merthyr Tydfil and Rhymney,0.5835433883,,,0.5835433883,,
W07000072,Blaenau Gwent,0.6202804437,,,0.6202804437,,
W07000073,Bridgend,0.5027662392,,,0.5027662392,,
W07000074,Ogmore,0.5890245084,,,0.5890245084,,
W07000075,Pontypridd,0.4651097855,,,0.4651097855,,
W07000076,Caerphilly,0.551359713,,,0.551359713,,
W07000077,Islwyn,0.5893991697,,,0.5893991697,,
W07000078,Vale of Glamorgan,0.5255067009,,,0.5255067009,,
W07000079,Cardiff West,0.438226362,,,0.438226362,,
W07000080,Cardiff South and Penarth,0.4281719786,,,0.4281719786,,